{
    "arena": {
        "name": "Arena Principal",
        "width": 2.0,
        "height": 2.0
    },
    "markers": [
        {
            "id": "MARKER_01",
            "size": 0.20000000298023225,
            "position": {
                "x": 0.0,
                "y": 0.0
            }
        },
        {
            "id": "MARKER_02",
            "size": 0.20000000298023225,
            "position": {
                "x": 1.7000000476837159,
                "y": 1.7000000476837159
            }
        }
    ]
}